{"0":{"id":"142460777","exp":"135741","photo":"https:\/\/pp.userapi.com\/c626916\/v626916777\/49c36\/oaZlmrZf7IE.jpg"},"1":{"id":"411494187","exp":"101242","photo":"https:\/\/pp.userapi.com\/c637921\/v637921187\/47810\/pH4gKBCZdig.jpg"},"2":{"id":"350078226","exp":"92869","photo":"https:\/\/pp.userapi.com\/c636920\/v636920226\/49f9e\/PXXQIKVLmHg.jpg"},"3":{"id":"28062327","exp":"92057","photo":"https:\/\/pp.userapi.com\/c631625\/v631625327\/4efd3\/KGFZ6GyyX_c.jpg"},"4":{"id":"134062110","exp":"86407","photo":"https:\/\/pp.userapi.com\/c633827\/v633827110\/2cfed\/Dy1lXVG6qdI.jpg"},"5":{"id":"421092378","exp":"73252","photo":"https:\/\/pp.userapi.com\/c604831\/v604831378\/3f16d\/06CUoNw2tmQ.jpg"},"6":{"id":"324820464","exp":"72856","photo":"https:\/\/pp.userapi.com\/c836425\/v836425464\/50b69\/Sbmza8yG_NE.jpg"},"7":{"id":"153370796","exp":"67541","photo":"https:\/\/pp.userapi.com\/c626629\/v626629796\/47757\/t5MyGjNxOU0.jpg"},"8":{"id":"157286035","exp":"64431","photo":"https:\/\/pp.userapi.com\/c637829\/v637829035\/3caaf\/ETpmEOkpgu4.jpg"},"9":{"id":"408557836","exp":"63046","photo":"http:\/\/vk.com\/images\/camera_50.png"},"10":{"id":"168061090","exp":"49641","photo":"https:\/\/pp.userapi.com\/c630716\/v630716090\/48e84\/Ia7KaPOX-ZY.jpg"},"11":{"id":"147324867","exp":"48446","photo":"https:\/\/pp.userapi.com\/c638129\/v638129867\/195c8\/nhpXMlTwthI.jpg"},"12":{"id":"265150338","exp":"48435","photo":"https:\/\/pp.userapi.com\/c622427\/v622427338\/58c23\/43wtpcokj-w.jpg"},"13":{"id":"372782890","exp":"47603","photo":"https:\/\/pp.userapi.com\/c604727\/v604727890\/5f64a\/nFxxIaYKKU4.jpg"},"14":{"id":"260664581","exp":"46186","photo":"https:\/\/pp.userapi.com\/c636225\/v636225581\/19dfa\/yGjEf1K-xlc.jpg"},"15":{"id":"224031047","exp":"39284","photo":"https:\/\/cs540105.userapi.com\/c836430\/v836430047\/142e5\/XxWAOP5mZwE.jpg"},"16":{"id":"151606807","exp":"39206","photo":"https:\/\/pp.userapi.com\/c626424\/v626424807\/62025\/4w4wYP2xwwM.jpg"},"17":{"id":"390972630","exp":"37637","photo":"https:\/\/pp.userapi.com\/c543106\/v543106630\/2a20b\/coc1XhzGSC4.jpg"},"18":{"id":"182129043","exp":"36252","photo":"http:\/\/vk.com\/images\/camera_50.png"},"19":{"id":"233246529","exp":"36137","photo":"https:\/\/pp.userapi.com\/c639322\/v639322529\/11434\/byBZG035NFU.jpg"},"20":{"id":"167931221","exp":"35260","photo":"https:\/\/cs540105.userapi.com\/c636325\/v636325221\/497e4\/XHN3b8e261w.jpg"},"21":{"id":"174410390","exp":"35111","photo":"https:\/\/pp.userapi.com\/c636329\/v636329390\/bc18\/QNv_AG2c7Jo.jpg"},"22":{"id":"154575855","exp":"34311","photo":"https:\/\/pp.userapi.com\/c637531\/v637531855\/4280d\/LkmjVBjnGwE.jpg"},"23":{"id":"217536313","exp":"33740","photo":"https:\/\/pp.userapi.com\/c622721\/v622721313\/41b1d\/XLilnkE5uYE.jpg"},"24":{"id":"145101321","exp":"29052","photo":"https:\/\/pp.userapi.com\/c638526\/v638526321\/24826\/PMLKrmnOKWo.jpg"},"25":{"id":"137173761","exp":"26157","photo":"https:\/\/pp.userapi.com\/c630930\/v630930761\/4c093\/n2Dt_1Sk9N0.jpg"},"26":{"id":"158188872","exp":"25770","photo":"https:\/\/pp.userapi.com\/c631423\/v631423872\/50f28\/JfhKDGKUN7s.jpg"},"27":{"id":"124354175","exp":"25650","photo":"https:\/\/pp.userapi.com\/c637624\/v637624175\/131a8\/rv-vGMA55qQ.jpg"},"28":{"id":"134714150","exp":"24773","photo":"https:\/\/pp.userapi.com\/c836422\/v836422150\/33da3\/pOgAoTfeUvk.jpg"},"29":{"id":"352012214","exp":"23792","photo":"https:\/\/pp.userapi.com\/c627824\/v627824214\/38653\/u8vOOXwkYUQ.jpg"},"30":{"id":"154302825","exp":"22952","photo":"https:\/\/pp.userapi.com\/c639516\/v639516825\/48a3\/12JTfC_gl5Y.jpg"},"31":{"id":"188685746","exp":"22352","photo":"https:\/\/pp.userapi.com\/c627623\/v627623746\/476b8\/UJBh7E2tF1s.jpg"},"32":{"id":"212504051","exp":"22081","photo":"https:\/\/pp.userapi.com\/c625228\/v625228051\/56295\/QAqwPr7Qq4o.jpg"},"33":{"id":"347337585","exp":"21435","photo":"https:\/\/vk.com\/images\/deactivated_50.png"},"34":{"id":"173432893","exp":"21234","photo":"https:\/\/pp.userapi.com\/c604817\/v604817893\/3f17d\/LyoUm9OWkMI.jpg"},"35":{"id":"135989483","exp":"20842","photo":"https:\/\/pp.userapi.com\/c637521\/v637521483\/2630c\/N3dRgMw-QqM.jpg"},"36":{"id":"319484563","exp":"18928","photo":"https:\/\/pp.userapi.com\/c637924\/v637924563\/3e0eb\/j1Q533BTl48.jpg"},"37":{"id":"212785534","exp":"18095","photo":"https:\/\/pp.userapi.com\/c626122\/v626122534\/67b07\/7C9rkm9mLTc.jpg"},"38":{"id":"137314508","exp":"16775","photo":"https:\/\/pp.userapi.com\/c626627\/v626627508\/26d0f\/BwZwsc5LQJ4.jpg"},"39":{"id":"161358756","exp":"16031","photo":"https:\/\/pp.userapi.com\/c637221\/v637221756\/2c17e\/ESYhm2Jo47E.jpg"},"40":{"id":"389555730","exp":"15661","photo":"https:\/\/pp.userapi.com\/c639722\/v639722730\/dba0\/dVblEcbQoy0.jpg"},"41":{"id":"38701667","exp":"15637","photo":"https:\/\/pp.userapi.com\/c629102\/v629102667\/3c61d\/Ttvp1h3eLN8.jpg"},"42":{"id":"256032816","exp":"15504","photo":"https:\/\/pp.userapi.com\/c836321\/v836321816\/3563b\/VfvevDzzcTk.jpg"},"43":{"id":"214805188","exp":"14643","photo":"https:\/\/pp.userapi.com\/c633525\/v633525188\/37c54\/IdsrTaHyO-0.jpg"},"44":{"id":"306829749","exp":"14490","photo":"https:\/\/pp.userapi.com\/c617628\/v617628749\/25f35\/wQlNfh62zHU.jpg"},"45":{"id":"92771376","exp":"14358","photo":"https:\/\/pp.userapi.com\/c633724\/v633724376\/3c2d0\/7Tia6tG8HEQ.jpg"},"46":{"id":"162079766","exp":"14169","photo":"https:\/\/pp.userapi.com\/c630827\/v630827766\/41f21\/6ZL168TbcYg.jpg"},"47":{"id":"387099412","exp":"13268","photo":"https:\/\/pp.userapi.com\/c637231\/v637231412\/3d46b\/X2mFdnFxSUk.jpg"},"48":{"id":"7194340","exp":"12805","photo":"https:\/\/pp.userapi.com\/c630428\/v630428340\/173bd\/068kCuE8mGA.jpg"},"49":{"id":"184615828","exp":"12424","photo":"https:\/\/pp.userapi.com\/c638019\/v638019828\/162c\/G8sOk6Qpc1A.jpg"},"50":{"id":"285745819","exp":"11757","photo":"https:\/\/pp.userapi.com\/c836223\/v836223819\/27502\/AMss-wCWCP4.jpg"},"51":{"id":"79792517","exp":"11718","photo":"https:\/\/pp.userapi.com\/c630919\/v630919517\/4aa67\/T1BNqBPWJg0.jpg"},"52":{"id":"273822843","exp":"11701","photo":"http:\/\/vk.com\/images\/camera_50.png"},"53":{"id":"188279786","exp":"11607","photo":"https:\/\/pp.userapi.com\/c416521\/v416521786\/b081\/HNBNEPuhqYs.jpg"},"54":{"id":"105733523","exp":"11198","photo":"https:\/\/pp.userapi.com\/c638523\/v638523523\/1d356\/kkqt9K6tHmk.jpg"},"55":{"id":"155307000","exp":"10497","photo":"https:\/\/pp.userapi.com\/c626619\/v626619000\/590e6\/OrKiW9Uz8jg.jpg"},"56":{"id":"118755308","exp":"10473","photo":"https:\/\/pp.userapi.com\/c837534\/v837534308\/2be53\/-I6bMglsfGs.jpg"},"57":{"id":"180390092","exp":"10324","photo":"https:\/\/pp.userapi.com\/c638724\/v638724092\/37db9\/ykBK6mWDn8k.jpg"},"58":{"id":"136564668","exp":"10296","photo":"https:\/\/pp.userapi.com\/c7003\/v7003250\/323d6\/_td96qXPYXc.jpg"},"59":{"id":"282377096","exp":"10035","photo":"https:\/\/pp.userapi.com\/c636131\/v636131096\/2bf50\/klem9w5hYYc.jpg"},"60":{"id":"102033278","exp":"9934","photo":"https:\/\/pp.userapi.com\/c638730\/v638730278\/2ce04\/jdX13FVnOys.jpg"},"61":{"id":"142780844","exp":"9883","photo":"http:\/\/vk.com\/images\/camera_50.png"},"62":{"id":"133274531","exp":"9587","photo":"https:\/\/pp.userapi.com\/c616028\/v616028531\/1c608\/nCVUvtOzo88.jpg"},"63":{"id":"163164452","exp":"9537","photo":"https:\/\/pp.userapi.com\/c837438\/v837438452\/13ad4\/jL7nEHK7nS8.jpg"},"64":{"id":"185772244","exp":"9324","photo":"https:\/\/pp.userapi.com\/c639617\/v639617244\/212b\/hJ1TSTceJT4.jpg"},"65":{"id":"328976276","exp":"9158","photo":"https:\/\/pp.userapi.com\/c631728\/v631728276\/171ef\/dhY9QP6vyFw.jpg"},"66":{"id":"136549607","exp":"9121","photo":"https:\/\/pp.userapi.com\/c639218\/v639218607\/6044\/89clN0bXdBs.jpg"},"67":{"id":"408213364","exp":"9049","photo":"https:\/\/pp.userapi.com\/c637127\/v637127364\/3a8ed\/SXwRRVkk8ew.jpg"},"68":{"id":"406238439","exp":"9014","photo":"https:\/\/pp.userapi.com\/c639821\/v639821439\/12601\/bdkWQj9OmxE.jpg"},"69":{"id":"249373751","exp":"8955","photo":"https:\/\/pp.userapi.com\/c638930\/v638930751\/2118d\/QUovB3tqiGw.jpg"},"70":{"id":"291833821","exp":"8953","photo":"https:\/\/pp.userapi.com\/c638925\/v638925821\/250cb\/-vE9a3edrrI.jpg"},"71":{"id":"265422081","exp":"8926","photo":"https:\/\/pp.userapi.com\/c622417\/v622417081\/50b89\/zppWcanDgCQ.jpg"},"72":{"id":"160953726","exp":"8799","photo":"https:\/\/pp.userapi.com\/c637827\/v637827726\/2b0ca\/Iv1zTByKGxw.jpg"},"73":{"id":"241771409","exp":"8779","photo":"https:\/\/cs540105.userapi.com\/c837738\/v837738409\/208fb\/ftVqBLTz4WI.jpg"},"74":{"id":"135837075","exp":"8688","photo":"https:\/\/pp.userapi.com\/c638129\/v638129075\/3ba66\/DufnTZ6au2k.jpg"},"75":{"id":"86172979","exp":"8682","photo":"https:\/\/pp.userapi.com\/c4993\/u86172979\/e_2e464cc9.jpg"},"76":{"id":"101859232","exp":"8398","photo":"https:\/\/cs540105.userapi.com\/c837735\/v837735232\/30fc6\/pzvu8wEIUQU.jpg"},"77":{"id":"303368167","exp":"8292","photo":"https:\/\/pp.userapi.com\/c837433\/v837433167\/2dc7e\/xmD_nhwBmj4.jpg"},"78":{"id":"65918411","exp":"8011","photo":"https:\/\/pp.userapi.com\/c624931\/v624931411\/101b0\/57lDnW8Zsgc.jpg"},"79":{"id":"281657843","exp":"7804","photo":"https:\/\/pp.userapi.com\/c837534\/v837534843\/26d2a\/A4jQ4K7cic4.jpg"},"80":{"id":"156146564","exp":"7799","photo":"https:\/\/pp.userapi.com\/c624728\/v624728564\/1d12e\/L4gTqUmLOCY.jpg"},"81":{"id":"137496933","exp":"7787","photo":"https:\/\/pp.userapi.com\/c317419\/u137496933\/e_ec7ec41a.jpg"},"82":{"id":"143316634","exp":"7669","photo":"https:\/\/pp.userapi.com\/c837325\/v837325634\/1ab8a\/-lyQRdw9R_c.jpg"},"83":{"id":"206870444","exp":"7653","photo":"https:\/\/pp.userapi.com\/c636326\/v636326444\/2ebfc\/MYY5ZNNtEwk.jpg"},"84":{"id":"217918734","exp":"7506","photo":"https:\/\/pp.userapi.com\/c837422\/v837422734\/f407\/sZ-U3zCvbH0.jpg"},"85":{"id":"311704854","exp":"7423","photo":"https:\/\/pp.userapi.com\/c837433\/v837433854\/2af7d\/iSzrVScMa10.jpg"},"86":{"id":"280361309","exp":"7319","photo":"https:\/\/pp.userapi.com\/c639131\/v639131309\/15ace\/6l4KUMmiJiU.jpg"},"87":{"id":"50544125","exp":"7095","photo":"https:\/\/pp.userapi.com\/c638120\/v638120125\/51ab\/g6pil3l030k.jpg"},"88":{"id":"31224595","exp":"7092","photo":"https:\/\/pp.userapi.com\/c638228\/v638228595\/2142f\/a6OiF65zSuk.jpg"},"89":{"id":"133155977","exp":"6893","photo":"https:\/\/pp.userapi.com\/c633417\/v633417977\/44cbb\/3rGtXvchlTE.jpg"},"90":{"id":"349755247","exp":"6862","photo":"https:\/\/vk.com\/images\/deactivated_50.png"},"91":{"id":"94382944","exp":"6779","photo":"https:\/\/pp.userapi.com\/c836327\/v836327944\/184ae\/9DMx6YQatrQ.jpg"},"92":{"id":"336487719","exp":"6565","photo":"https:\/\/pp.userapi.com\/c626423\/v626423719\/54279\/AvMS9NR7gZw.jpg"},"93":{"id":"148408390","exp":"6554","photo":"https:\/\/pp.userapi.com\/c626221\/v626221390\/3608b\/3MP18WzjREA.jpg"},"94":{"id":"196543184","exp":"6501","photo":"http:\/\/vk.com\/images\/camera_50.png"},"95":{"id":"111036073","exp":"6463","photo":"https:\/\/pp.userapi.com\/c623924\/v623924073\/4e4fb\/H8J6kxkmPC0.jpg"},"96":{"id":"230239509","exp":"6457","photo":"https:\/\/pp.userapi.com\/c836234\/v836234509\/2d8de\/AP3JBY9V5Eg.jpg"},"97":{"id":"94729823","exp":"6066","photo":"https:\/\/pp.userapi.com\/c636220\/v636220823\/4018d\/98tp3BMWsq4.jpg"},"98":{"id":"96449895","exp":"6043","photo":"https:\/\/pp.userapi.com\/c629205\/v629205895\/11773\/pI-RqRrgxbQ.jpg"},"99":{"id":"118293441","exp":"6027","photo":"https:\/\/pp.userapi.com\/c637924\/v637924441\/38de6\/oDXi7jTCoVQ.jpg"},"time":1490991309}