[{"name":"0JHQsNGA0YvQs9Cw","blocked":0,"xp":1000,"energy":1,"exp":50,"coins":100,"wears":[25,26,27,28],"loc":0},{"name":"0JzQsNC20LjQug==","blocked":0,"xp":10000,"energy":2,"exp":100,"coins":500,"wears":[],"loc":1},{"name":"0KTQvtC80LA=","blocked":0,"xp":50000,"energy":5,"exp":700,"coins":1000,"wears":[52,53,54,55],"loc":2},{"name":"0J7Rh9C60LDRgNC40Lo=","blocked":0,"xp":100000,"energy":5,"exp":1000,"coins":3000,"wears":[],"loc":2},{"name":"0JbQvNGL0YU=","blocked":0,"xp":500000,"energy":5,"exp":5000,"coins":15000,"wears":[],"loc":2}]