[
  {
    "link": "http://5.187.1.187/xuli_test/data/part1.swf",
    "size": 0,
    "id": "part1"
  },
  {
    "link": "http://5.187.1.187/xuli_test/data/part2.swf",
    "size": 0,
    "id": "part2"
  },
  {
    "link": "http://5.187.1.187/xuli_test/data/part3.swf",
    "size": 0,
    "id": "part3"
  },
  {
    "link": "http://5.187.1.187/xuli_test/data/part4.swf",
    "size": 0,
    "id": "part4"
  },
  {
    "link": "http://5.187.1.187/xuli_test/data/part5.swf",
    "size": 0,
    "id": "part5"
  },
  {
    "link": "http://5.187.1.187/xuli_test/data/part6.swf",
    "size": 0,
    "id": "part6"
  },
  {
    "link": "http://5.187.1.187/xuli_test/data/part7.swf",
    "size": 0,
    "id": "part7"
  }
]