{"w":[{"price":50,"level":2,"set":0,"type":0,"sale":0,"boss":-1,"rayon":-1,"valuta":"coins","craft":0,"exp":12,"winter":[0,0,0],"spring":[0,0,0],"summer":[0,0,0],"autumn":[0,0,0]},{"price":180,"level":2,"set":0,"type":1,"sale":0,"boss":-1,"rayon":-1,"valuta":"coins","craft":0,"exp":45,"winter":[0,0,0],"spring":[0,0,0],"summer":[0,0,0],"autumn":[0,0,0]},{"price":290,"level":2,"set":0,"type":2,"sale":0,"boss":-1,"rayon":-1,"valuta":"coins","craft":0,"exp":72,"winter":[0,0,0],"spring":[0,0,0],"summer":[0,0,0],"autumn":[0,0,0]},{"price":90,"level":2,"set":0,"type":2,"sale":0,"boss":-1,"rayon":-1,"valuta":"coins","craft":0,"exp":22,"winter":[0,0,0],"spring":[0,0,0],"summer":[0,0,0],"autumn":[0,0,0]},{"price":50,"level":2,"set":0,"type":3,"sale":0,"boss":-1,"rayon":-1,"valuta":"coins","craft":0,"exp":12,"winter":[0,0,0],"spring":[0,0,0],"summer":[0,0,0],"autumn":[0,0,0]},{"price":390,"level":5,"set":1,"type":0,"sale":0,"boss":-1,"rayon":-1,"valuta":"coins","craft":0,"exp":100,"winter":[5,0,0],"spring":[0,0,0],"summer":[0,0,0],"autumn":[0,0,0]},{"price":390,"level":5,"set":1,"type":0,"sale":0,"boss":-1,"rayon":-1,"valuta":"coins","craft":0,"exp":100,"winter":[5,0,0],"spring":[0,0,0],"summer":[0,0,0],"autumn":[0,0,0]},{"price":450,"level":5,"set":1,"type":0,"sale":0,"boss":-1,"rayon":-1,"valuta":"coins","craft":0,"exp":100,"winter":[5,0,0],"spring":[0,0,0],"summer":[0,0,0],"autumn":[0,0,0]},{"price":950,"level":6,"set":1,"type":1,"sale":0,"boss":-1,"rayon":-1,"valuta":"coins","craft":0,"exp":100,"winter":[0,0,0],"spring":[0,9,0],"summer":[0,0,0],"autumn":[0,9,0]},{"price":1200,"level":6,"set":1,"type":1,"sale":0,"boss":-1,"rayon":-1,"valuta":"coins","craft":0,"exp":100,"winter":[0,0,0],"spring":[0,0,0],"summer":[7,0,0],"autumn":[0,0,0]},{"price":900,"level":6,"set":1,"type":1,"sale":0,"boss":-1,"rayon":-1,"valuta":"coins","craft":0,"exp":100,"winter":[0,0,0],"spring":[0,0,0],"summer":[0,0,7],"autumn":[0,0,0]},{"price":800,"level":6,"set":1,"type":1,"sale":0,"boss":-1,"rayon":-1,"valuta":"coins","craft":0,"exp":100,"winter":[0,0,0],"spring":[0,0,0],"summer":[0,0,7],"autumn":[0,0,0]},{"price":1900,"level":7,"set":1,"type":2,"sale":0,"boss":-1,"rayon":-1,"valuta":"coins","craft":0,"exp":100,"winter":[0,0,0],"spring":[9,0,0],"summer":[0,0,0],"autumn":[9,0,0]},{"price":1700,"level":7,"set":1,"type":2,"sale":0,"boss":-1,"rayon":-1,"valuta":"coins","craft":0,"exp":100,"winter":[0,0,0],"spring":[0,10,0],"summer":[0,0,0],"autumn":[0,10,0]},{"price":3500,"level":8,"set":1,"type":3,"sale":0,"boss":-1,"rayon":-1,"valuta":"coins","craft":0,"exp":100,"winter":[0,0,0],"spring":[12,0,0],"summer":[0,0,0],"autumn":[12,0,0]},{"price":4600,"level":8,"set":1,"type":3,"sale":0,"boss":-1,"rayon":-1,"valuta":"coins","craft":0,"exp":100,"winter":[0,0,0],"spring":[0,0,12],"summer":[0,0,0],"autumn":[0,0,12]},{"price":4600,"level":8,"set":1,"type":3,"sale":0,"boss":-1,"rayon":-1,"valuta":"coins","craft":0,"exp":100,"winter":[0,0,0],"spring":[0,12,0],"summer":[0,0,0],"autumn":[0,12,0]},{"price":4500,"level":10,"set":2,"type":0,"sale":0,"boss":-1,"rayon":-1,"valuta":"coins","craft":0,"exp":200,"winter":[8,0,0],"spring":[0,0,0],"summer":[0,0,0],"autumn":[0,0,0]},{"price":5000,"level":12,"set":2,"type":0,"sale":0,"boss":-1,"rayon":-1,"valuta":"coins","craft":0,"exp":200,"winter":[0,0,0],"spring":[0,0,0],"summer":[0,6,0],"autumn":[0,0,0]},{"price":8000,"level":15,"set":2,"type":1,"sale":0,"boss":-1,"rayon":-1,"valuta":"coins","craft":0,"exp":200,"winter":[0,0,0],"spring":[12,0,0],"summer":[0,0,0],"autumn":[12,0,0]},{"price":15000,"level":18,"set":2,"type":1,"sale":0,"boss":-1,"rayon":-1,"valuta":"coins","craft":0,"exp":200,"winter":[0,0,0],"spring":[0,0,12],"summer":[0,0,0],"autumn":[0,0,12]},{"price":15000,"level":19,"set":2,"type":1,"sale":0,"boss":-1,"rayon":-1,"valuta":"coins","craft":0,"exp":200,"winter":[0,0,0],"spring":[0,12,0],"summer":[0,0,0],"autumn":[0,12,0]},{"price":12000,"level":20,"set":2,"type":2,"sale":0,"boss":-1,"rayon":-1,"valuta":"coins","craft":0,"exp":200,"winter":[0,0,0],"spring":[0,0,11],"summer":[0,0,0],"autumn":[0,0,11]},{"price":25000,"level":21,"set":2,"type":2,"sale":0,"boss":-1,"rayon":-1,"valuta":"coins","craft":0,"exp":200,"winter":[0,0,0],"spring":[11,0,0],"summer":[0,0,0],"autumn":[11,0,0]},{"price":18000,"level":24,"set":2,"type":3,"sale":0,"boss":-1,"rayon":-1,"valuta":"coins","craft":0,"exp":200,"winter":[0,0,0],"spring":[0,13,0],"summer":[0,0,0],"autumn":[0,13,0]},{"price":1,"level":0,"set":3,"type":0,"sale":0,"boss":0,"rayon":-1,"valuta":"null","craft":0,"exp":0,"winter":[0,0,0],"spring":[11,0,0],"summer":[0,0,0],"autumn":[11,0,0]},{"price":1,"level":0,"set":3,"type":1,"sale":0,"boss":0,"rayon":-1,"valuta":"null","craft":0,"exp":0,"winter":[0,0,0],"spring":[0,0,11],"summer":[0,0,0],"autumn":[0,0,11]},{"price":1,"level":0,"set":3,"type":2,"sale":0,"boss":0,"rayon":-1,"valuta":"null","craft":0,"exp":0,"winter":[0,0,0],"spring":[0,11,0],"summer":[0,0,0],"autumn":[0,11,0]},{"price":1,"level":0,"set":3,"type":3,"sale":0,"boss":0,"rayon":-1,"valuta":"null","craft":0,"exp":0,"winter":[0,0,0],"spring":[11,0,0],"summer":[0,0,0],"autumn":[11,0,0]},{"price":100,"level":5,"set":4,"type":1,"sale":0,"boss":-1,"rayon":-1,"valuta":"gold","craft":0,"exp":100,"winter":[18,0,0],"spring":[0,0,0],"summer":[0,0,0],"autumn":[0,0,0]},{"price":1,"level":0,"set":5,"type":1,"sale":0,"boss":-1,"rayon":0,"valuta":"null","craft":null,"exp":0,"winter":[0,0,0],"spring":[0,0,0],"summer":[0,0,7],"autumn":[0,0,0]},{"price":50,"level":5,"set":4,"type":2,"sale":0,"boss":-1,"rayon":-1,"valuta":"gold","craft":0,"exp":50,"winter":[0,0,0],"spring":[9,0,0],"summer":[0,0,0],"autumn":[9,0,0]},{"price":50,"level":5,"set":4,"type":3,"sale":0,"boss":-1,"rayon":-1,"valuta":"gold","craft":0,"exp":50,"winter":[0,0,0],"spring":[0,0,9],"summer":[0,0,0],"autumn":[0,0,9]},{"price":2,"level":5,"set":5,"type":0,"sale":0,"boss":1,"rayon":-1,"valuta":"null","craft":0,"exp":0,"winter":[15,0,0],"spring":[0,0,0],"summer":[0,0,0],"autumn":[0,0,0]},{"price":2,"level":5,"set":5,"type":1,"sale":0,"boss":1,"rayon":-1,"valuta":"null","craft":0,"exp":0,"winter":[0,0,15],"spring":[0,0,0],"summer":[0,0,0],"autumn":[0,0,0]},{"price":2,"level":5,"set":5,"type":2,"sale":0,"boss":1,"rayon":-1,"valuta":"null","craft":0,"exp":0,"winter":[0,15,0],"spring":[0,0,0],"summer":[0,0,0],"autumn":[0,0,0]},{"price":2,"level":5,"set":5,"type":3,"sale":0,"boss":1,"rayon":-1,"valuta":"null","craft":0,"exp":0,"winter":[15,0,0],"spring":[0,0,0],"summer":[0,0,0],"autumn":[0,0,0]},{"price":2,"level":5,"set":6,"type":0,"sale":1,"boss":-1,"rayon":-1,"valuta":"null","craft":0,"exp":0,"winter":[20,0,0],"spring":[20,0,0],"summer":[20,0,0],"autumn":[20,0,0]},{"price":2,"level":5,"set":6,"type":1,"sale":1,"boss":-1,"rayon":-1,"valuta":"null","craft":0,"exp":0,"winter":[0,20,0],"spring":[0,20,0],"summer":[0,20,0],"autumn":[0,20,0]},{"price":2,"level":5,"set":6,"type":2,"sale":1,"boss":-1,"rayon":-1,"valuta":"null","craft":0,"exp":0,"winter":[20,0,0],"spring":[20,0,0],"summer":[20,0,0],"autumn":[20,0,0]},{"price":2,"level":5,"set":6,"type":3,"sale":1,"boss":-1,"rayon":-1,"valuta":"null","craft":0,"exp":0,"winter":[0,0,20],"spring":[0,0,20],"summer":[0,0,20],"autumn":[0,0,20]},{"price":2,"level":5,"set":7,"type":2,"sale":-1,"boss":-1,"rayon":-1,"valuta":"null","craft":6,"exp":0,"winter":[0,0,0],"spring":[0,0,0],"summer":[0,13,0],"autumn":[0,0,0]},{"price":2,"level":5,"set":7,"type":1,"sale":-1,"boss":-1,"rayon":-1,"valuta":"null","craft":7,"exp":0,"winter":[0,0,0],"spring":[0,0,0],"summer":[13,0,0],"autumn":[0,0,0]},{"price":2,"level":5,"set":7,"type":0,"sale":-1,"boss":-1,"rayon":-1,"valuta":"null","craft":7,"exp":0,"winter":[0,0,0],"spring":[0,0,0],"summer":[0,13,0],"autumn":[0,0,0]},{"price":250,"level":15,"set":8,"type":2,"sale":0,"boss":-1,"rayon":-1,"valuta":"gold","craft":0,"exp":500,"winter":[25,0,0],"spring":[25,0,0],"summer":[25,0,0],"autumn":[25,0,0]},{"price":200,"level":15,"set":8,"type":0,"sale":0,"boss":-1,"rayon":-1,"valuta":"gold","craft":0,"exp":500,"winter":[20,0,0],"spring":[20,0,0],"summer":[20,0,0],"autumn":[20,0,0]},{"price":300,"level":15,"set":8,"type":3,"sale":0,"boss":-1,"rayon":-1,"valuta":"gold","craft":0,"exp":500,"winter":[30,0,0],"spring":[30,0,0],"summer":[30,0,0],"autumn":[30,0,0]},{"price":300,"level":15,"set":8,"type":1,"sale":0,"boss":-1,"rayon":-1,"valuta":"gold","craft":0,"exp":500,"winter":[30,0,0],"spring":[30,0,0],"summer":[30,0,0],"autumn":[30,0,0]},{"price":2,"level":5,"set":9,"type":1,"sale":0,"boss":-1,"rayon":-1,"valuta":"null","craft":8,"exp":0,"winter":[0,0,35],"spring":[0,0,35],"summer":[0,0,35],"autumn":[0,0,35]},{"price":2,"level":5,"set":9,"type":0,"sale":0,"boss":-1,"rayon":-1,"valuta":"null","craft":7,"exp":0,"winter":[0,0,15],"spring":[0,0,15],"summer":[0,0,15],"autumn":[0,0,15]},{"price":2,"level":5,"set":9,"type":3,"sale":0,"boss":-1,"rayon":-1,"valuta":"null","craft":7,"exp":0,"winter":[0,0,30],"spring":[0,0,30],"summer":[0,0,30],"autumn":[0,0,30]},{"price":2,"level":5,"set":9,"type":2,"sale":0,"boss":-1,"rayon":-1,"valuta":"null","craft":7,"exp":0,"winter":[0,0,30],"spring":[0,0,30],"summer":[0,0,30],"autumn":[0,0,30]},{"price":1,"level":0,"set":3,"type":0,"sale":0,"boss":3,"rayon":-1,"valuta":"null","craft":0,"exp":0,"winter":[0,20,0],"spring":[0,20,0],"summer":[0,20,0],"autumn":[0,20,0]},{"price":1,"level":0,"set":3,"type":1,"sale":0,"boss":3,"rayon":-1,"valuta":"null","craft":0,"exp":0,"winter":[0,35,0],"spring":[0,35,0],"summer":[0,35,0],"autumn":[0,35,0]},{"price":1,"level":0,"set":3,"type":3,"sale":0,"boss":3,"rayon":-1,"valuta":"null","craft":0,"exp":0,"winter":[0,30,0],"spring":[0,30,0],"summer":[0,30,0],"autumn":[0,30,0]},{"price":1,"level":0,"set":3,"type":2,"sale":0,"boss":3,"rayon":-1,"valuta":"null","craft":0,"exp":0,"winter":[0,25,0],"spring":[0,25,0],"summer":[0,25,0],"autumn":[0,25,0]}],"b":[105],"craft":[41,42,43,48,49,50,51]}